<?xml version="1.0" encoding="UTF-8"?>
<jcr:root xmlns:sling="http://sling.apache.org/jcr/sling/1.0" xmlns:jcr="http://www.jcp.org/jcr/1.0" xmlns:nt="http://www.jcp.org/jcr/nt/1.0"
          jcr:primaryType="per:Page"
>
    <jcr:content
            jcr:primaryType="per:PageContent"
            sling:resourceType="admin/components/toolingpage"
            jcr:title="admin base"
            jcr:description="admin base Content Root"
    >
        <content jcr:primaryType="nt:unstructured"
                 sling:resourceType="pagerender/vue/structure/container">

            <row jcr:primaryType="nt:unstructured"
                 sling:resourceType="admin/components/row">

                <col1 jcr:primaryType="nt:unstructured"
                      sling:resourceType="admin/components/col"
                      classes="col"
                >

                    <text jcr:primaryType="nt:unstructured"
                           sling:resourceType="pagerender/vue/components/base"
                           text="peregrine-cms is a basic headless, api first cms built on top of apache sling and apache jackrabbit"/>
                </col1>
            </row>
            <iconlist jcr:primaryType="nt:unstructured"
                      sling:resourceType="admin/components/iconlist"
                      source="/admin/tools"/>
        </content>
    </jcr:content>
</jcr:root>
