<?xml version="1.0" encoding="UTF-8"?>
<jcr:root xmlns:sling="http://sling.apache.org/jcr/sling/1.0" xmlns:jcr="http://www.jcp.org/jcr/1.0" xmlns:nt="http://www.jcp.org/jcr/nt/1.0"
          jcr:primaryType="per:Page"
>
    <jcr:content
            jcr:primaryType="per:PageContent"
            sling:resourceType="admin/components/toolingpage"
            jcr:title="editor"
            jcr:description="admin base Content Root"
            suffixToParameter="[path,/pageView/path]"
    >
            <nav jcr:primaryType="nt:unstructured"
                 sling:resourceType="admin/components/nav"/>

            <row jcr:primaryType="nt:unstructured"
                     sling:resourceType="admin/components/row">

                <col jcr:primaryType="nt:unstructured"
                     sling:resourceType="admin/components/col" classes="col s1 fullheight z-depth-2">
                    <structure jcr:primaryType="nt:unstructured"
                               sling:resourceType="pagerender/vue/components/base" text="structure"/>
                </col>
                <col1 jcr:primaryType="nt:unstructured"
                      sling:resourceType="admin/components/col" classes="col s7 fullheight z-depth-0">
                    <structure jcr:primaryType="nt:unstructured"
                               sling:resourceType="admin/components/contentview" text="content"/>
                </col1>
                <col2 jcr:primaryType="nt:unstructured"
                      sling:resourceType="admin/components/col" classes="col s2 fullheight z-depth-2">
                    <structure jcr:primaryType="nt:unstructured"
                               sling:resourceType="admin/components/editor" text="content"/>
                </col2>
                <col3 jcr:primaryType="nt:unstructured"
                      sling:resourceType="admin/components/col" classes="col s2 fullheight z-depth-2">
                    <structure jcr:primaryType="nt:unstructured"
                               sling:resourceType="admin/components/componentexplorer" text="components" source="/admin/components"/>
                </col3>

            </row>

            <jsonview jcr:primaryType="nt:unstructured"
                      sling:resourceType="admin/components/debugger" dataFrom="/"/>

    </jcr:content>
</jcr:root>
